<?xml version="1.0" encoding="UTF-8" standalone="yes"?>
<addon id="plugin.video.dramacool" name="DramaCool" version="1.4.4" provider-name="groggyegg">
    <requires>
        <import addon="script.module.beautifulsoup4" version="4.6.2"/>
        <import addon="script.module.resolveurl" version="5.0.38"/>
        <import addon="script.module.requests" version="2.22.0"/>
        <import addon="script.module.routing" version="0.2.3"/>
        <import addon="xbmc.python" version="2.26.0"/>
    </requires>
    <extension point="xbmc.python.pluginsource" library="addon.py">
        <provides>video</provides>
    </extension>
</addon>