<?xml version="1.0" encoding="UTF-8" standalone="yes"?>
<addon id="plugin.video.dramacool" name="DramaCool" version="1.8.0a" provider-name="isant46">
    <requires>
        <import addon="script.module.beautifulsoup4" version="4.6.2"/>
        <import addon="script.module.resolveurl" version="5.0.38"/>
        <import addon="script.module.requests" version="2.22.0"/>
        <import addon="xbmc.python" version="2.26.0"/>
    </requires>
    <extension point="xbmc.python.pluginsource" library="resources/lib/addon.py">
        <provides>video</provides>
    </extension>
</addon>