<?xml version="1.0" encoding="UTF-8" standalone="yes"?>
<addon id="script.module.rerouting" name="rerouting" version="0.1.0" provider-name="fredrik-sy">
    <requires>
        <import addon="xbmc.python" version="2.25.0"/>
    </requires>
    <extension point="xbmc.python.module" library="lib"/>
    <extension point="xbmc.addon.metadata">
        <language>en</language>
        <platform>all</platform>
        <license>MIT License</license>
        <source>https://github.com/fredrik-sy/script.module.rerouting</source>
    </extension>
</addon>